{
  "fpcStiffeners": [
    {
      "id": "e1",
      "gerber": "Gerber_TopStiffenerLayer_pit_0.2.GTSL",
      "layer": "top",
      "material": "pi",
      "thickness": "0.2",
      "path": [
        [
          [
            "R",
            3641.7323,
            2086.6142,
            590.5512,
            236.2205,
            0,
            39.3701
          ]
        ]
      ]
    },
    {
      "id": "e2",
      "gerber": "Gerber_TopStiffenerLayer_pit_0.2.GTSL",
      "layer": "top",
      "material": "pi",
      "thickness": "0.2",
      "path": [
        [
          [
            "R",
            2818.8976,
            3235.2362,
            590.5512,
            393.7008,
            0,
            39.3701
          ]
        ]
      ]
    }
  ]
}